{"cameraMode":{"drawMode":0,"name":"Shaded","section":"Shading Mode"},"sceneLighting":true,"audioPlay":false,"sceneViewState":{"m_AlwaysRefresh":false,"showFog":true,"showSkybox":true,"showFlares":true,"showImageEffects":true,"showParticleSystems":true,"showVisualEffectGraphs":true,"m_FxEnabled":true},"in2DMode":false,"pivot":{"x":17.091089248657228,"y":8.62236499786377,"z":-14.936290740966797},"rotation":{"x":0.42337843775749209,"y":0.08998735249042511,"z":-0.04230935871601105,"w":0.9004795551300049},"size":4.316000461578369,"orthographic":false}