{"cameraMode":{"drawMode":0,"name":"Shaded","section":"Shading Mode"},"sceneLighting":true,"audioPlay":false,"sceneViewState":{"m_AlwaysRefresh":false,"showFog":true,"showSkybox":true,"showFlares":true,"showImageEffects":true,"showParticleSystems":true,"showVisualEffectGraphs":true,"m_FxEnabled":true},"in2DMode":false,"pivot":{"x":1.5424529314041138,"y":2.4850575923919679,"z":0.6249275207519531},"rotation":{"x":-0.0030483424197882416,"y":-0.9781778454780579,"z":0.20727428793907166,"w":-0.014388256706297398},"size":2.385324478149414,"orthographic":false}